ticker,thinking_mode,temperature,max_tokens,thinking_budget,run,success,revenue,net_income,equity,total_assets,cash,smape,latency_s,thinking_tokens,output_tokens
REGN,no_thinking,0.0,8192,0,1,True,14100000000,3600000000,28000000000.0,36000000000.0,3000000000,100.0,3.05,0,336
REGN,no_thinking,0.0,8192,0,2,True,14100000000,3600000000,28000000000.0,36000000000.0,3000000000,100.0,2.57,0,336
REGN,no_thinking,0.0,8192,0,3,True,14100000000,3600000000,28000000000.0,36000000000.0,3000000000,100.0,2.15,0,336
REGN,no_thinking,0.0,8192,0,4,True,14100000000,3600000000,28000000000.0,36500000000.0,5000000000,100.0,2.51,0,336
REGN,no_thinking,0.0,8192,0,5,True,14100000000,3600000000,28000000000.0,36000000000.0,3000000000,100.0,2.29,0,336
REGN,no_thinking,0.0,8192,0,6,True,14100000000,3600000000,28000000000.0,36500000000.0,5000000000,100.0,2.21,0,336
REGN,no_thinking,0.0,8192,0,7,True,14100000000,3600000000,28000000000.0,36500000000.0,5000000000,100.0,2.22,0,336
REGN,no_thinking,0.0,8192,0,8,True,14100000000,3600000000,28000000000.0,36000000000.0,3000000000,100.0,1.96,0,336
REGN,no_thinking,0.0,8192,0,9,True,14100000000,3600000000,28000000000.0,36000000000.0,3000000000,100.0,2.13,0,336
REGN,no_thinking,0.0,8192,0,10,True,14100000000,3600000000,28000000000.0,36000000000.0,3000000000,100.0,2.08,0,336
REGN,no_thinking,0.7,8192,0,1,True,14100000000,3600000000,29000000000.0,36000000000.0,3000000000,100.0,2.12,0,336
REGN,no_thinking,0.7,8192,0,2,True,14100000000,3600000000,28000000000.0,36500000000.0,8500000000,100.0,2.08,0,336
REGN,no_thinking,0.7,8192,0,3,True,14100000000,3600000000,29000000000.0,37000000000.0,0,100.0,2.4,0,234
REGN,no_thinking,0.7,8192,0,4,True,14175000000,4000000000,26973100000.0,36945900000.0,4000000000,100.0,2.0,0,335
REGN,no_thinking,0.7,8192,0,5,True,14100000000,3600000000,28000000000.0,36000000000.0,3000000000,100.0,1.94,0,336
REGN,no_thinking,0.7,8192,0,6,True,14100000000,3600000000,29000000000.0,36500000000.0,3500000000,100.0,2.09,0,335
REGN,no_thinking,0.7,8192,0,7,True,14061500000,3568800000,29973100000.0,36945900000.0,2500000000,100.0,1.97,0,336
REGN,no_thinking,0.7,8192,0,8,True,14061500000,3568800000,29973100000.0,36945900000.0,4500000000,100.0,2.39,0,336
REGN,no_thinking,0.7,8192,0,9,True,14061500000,3569000000,29880000000.0,36945900000.0,3000000000,100.0,1.97,0,335
REGN,no_thinking,0.7,8192,0,10,True,14061500000,3568800000,29273100000.0,36945900000.0,4000000000,100.0,1.97,0,335
REGN,with_thinking,0.0,16384,8192,1,True,14061500000,3568800000,29282200000.0,36945900000.0,0,100.0,9.52,2190,234
REGN,with_thinking,0.0,16384,8192,2,True,14135900000,3603900000,29809900000.0,37464900000.0,3371841000,100.0,23.15,6050,334
REGN,with_thinking,0.0,16384,8192,3,True,14061500000,3568800000,29282200000.0,36945900000.0,0,100.0,9.27,2190,234
REGN,with_thinking,0.0,16384,8192,4,True,14061500000,3568800000,29282200000.0,36945900000.0,0,100.0,9.29,2190,234
REGN,with_thinking,0.0,16384,8192,5,True,14135900000,3603900000,29809900000.0,37464900000.0,3371841000,100.0,24.0,6050,334
REGN,with_thinking,0.0,16384,8192,6,True,14061500000,3568800000,29282200000.0,36945900000.0,0,100.0,9.61,2190,234
REGN,with_thinking,0.0,16384,8192,7,True,14135900000,3603900000,29809900000.0,37464900000.0,3371841000,100.0,23.9,6050,334
REGN,with_thinking,0.0,16384,8192,8,True,14135900000,3603900000,29809900000.0,37464900000.0,3371841000,100.0,22.63,6050,334
REGN,with_thinking,0.0,16384,8192,9,True,14135900000,3603900000,29809900000.0,37464900000.0,3371841000,100.0,22.86,6050,334
REGN,with_thinking,0.0,16384,8192,10,True,14135900000,3603900000,29809900000.0,37464900000.0,3371841000,100.0,22.64,6050,334
REGN,with_thinking,0.7,16384,8192,1,True,14136134720,3603044480,29762092600.0,37460088460.0,2996807077,100.0,17.85,4522,335
REGN,with_thinking,0.7,16384,8192,2,True,14136100000,3603800000,29774300000.0,37480300000.0,3279500000,100.0,22.65,5587,334
REGN,with_thinking,0.7,16384,8192,3,True,14135107324,3603260880,29768485710.0,37461241778.0,3933430387,100.0,24.73,6174,335
REGN,with_thinking,0.7,16384,8192,4,True,14135123520,3602593520,29763892600.0,37458510460.0,7491702092,100.0,21.23,4978,335
REGN,with_thinking,0.7,16384,8192,5,True,14135165164,3603639280,29774252600.0,37411399780.0,0,100.0,14.86,3465,243
REGN,with_thinking,0.7,16384,8192,6,True,14136369000,3603092000,29773990000.0,37489142000.0,0,100.0,17.02,4051,243
REGN,with_thinking,0.7,16384,8192,7,True,14035400000,4070300000,29089900000.0,36388200000.0,6549900000,100.0,21.95,4740,334
REGN,with_thinking,0.7,16384,8192,8,True,14136157120,3603640480,29760112600.0,37460942460.0,0,100.0,8.7,1623,234
REGN,with_thinking,0.7,16384,8192,9,True,14136108000,3602840000,29767820000.0,37458740000.0,4214108250,100.0,20.01,5020,335
REGN,with_thinking,0.7,16384,8192,10,True,14135165360,3603243680,29774922600.000004,37482684877.8078,0,100.0,14.23,3281,247
AMZN,no_thinking,0.0,8192,0,1,True,641000000000,45000000000,260000000000.0,590000000000.0,80000000000,100.0,2.56,0,355
AMZN,no_thinking,0.0,8192,0,2,True,641000000000,45000000000,260000000000.0,590000000000.0,80000000000,100.0,2.22,0,355
AMZN,no_thinking,0.0,8192,0,3,True,641000000000,45000000000,260000000000.0,590000000000.0,80000000000,100.0,1.76,0,355
AMZN,no_thinking,0.0,8192,0,4,True,641000000000,45000000000,260000000000.0,590000000000.0,80000000000,100.0,2.02,0,355
AMZN,no_thinking,0.0,8192,0,5,True,641000000000,45000000000,260000000000.0,590000000000.0,80000000000,100.0,1.87,0,355
AMZN,no_thinking,0.0,8192,0,6,True,641000000000,45000000000,260000000000.0,590000000000.0,80000000000,100.0,2.22,0,355
AMZN,no_thinking,0.0,8192,0,7,True,641000000000,45000000000,260000000000.0,590000000000.0,80000000000,100.0,2.17,0,355
AMZN,no_thinking,0.0,8192,0,8,True,641000000000,45000000000,260000000000.0,590000000000.0,80000000000,100.0,2.0,0,355
AMZN,no_thinking,0.0,8192,0,9,True,641000000000,45000000000,260000000000.0,590000000000.0,80000000000,100.0,2.36,0,355
AMZN,no_thinking,0.0,8192,0,10,True,641000000000,45000000000,260000000000.0,590000000000.0,80000000000,100.0,2.03,0,355
AMZN,no_thinking,0.7,8192,0,1,True,635587000000,50128000000,247033000000.0,593033000000.0,80000000000,100.0,3.89,0,355
AMZN,no_thinking,0.7,8192,0,2,True,641470000000,45000000000,255000000000.0,595000000000.0,80000000000,100.0,2.21,0,355
AMZN,no_thinking,0.7,8192,0,3,True,641470000000,49000000000,250000000000.0,595000000000.0,80000000000,100.0,2.3,0,355
AMZN,no_thinking,0.7,8192,0,4,True,635587000000,58128000000,248033000000.0,593033000000.0,80000000000,100.0,2.9,0,355
AMZN,no_thinking,0.7,8192,0,5,True,641864000000,57177000000,247364000000.0,597151000000.0,80000000000,100.0,2.4,0,355
AMZN,no_thinking,0.7,8192,0,6,True,641878000000,58128000000,256783000000.0,595783000000.0,80000000000,100.0,2.27,0,355
AMZN,no_thinking,0.7,8192,0,7,True,641883000000,57928000000,253033000000.0,593033000000.0,80000000000,100.0,2.12,0,355
AMZN,no_thinking,0.7,8192,0,8,True,641500000000,50000000000,250000000000.0,590000000000.0,80000000000,100.0,2.31,0,355
AMZN,no_thinking,0.7,8192,0,9,True,641479000000,57000000000,252000000000.0,599000000000.0,80000000000,100.0,2.34,0,355
AMZN,no_thinking,0.7,8192,0,10,True,641473000000,57000000000,265000000000.0,595000000000.0,80000000000,100.0,2.23,0,355
AMZN,with_thinking,0.0,16384,8192,1,True,640892175000,37171746150,239046746150.0,596475020000.0,97200000000,100.0,33.57,8189,354
AMZN,with_thinking,0.0,16384,8192,2,True,642700000000,34000000000,279000000000.0,602200000000.0,0,100.0,16.47,4083,249
AMZN,with_thinking,0.0,16384,8192,3,True,642700000000,34000000000,279000000000.0,602200000000.0,0,100.0,17.0,4083,249
AMZN,with_thinking,0.0,16384,8192,4,True,642700000000,34000000000,279000000000.0,602200000000.0,0,100.0,16.04,4083,249
AMZN,with_thinking,0.0,16384,8192,5,True,642700000000,34000000000,279000000000.0,602200000000.0,0,100.0,18.4,4083,249
AMZN,with_thinking,0.0,16384,8192,6,True,640892175000,37171746150,239046746150.0,596475020000.0,97200000000,100.0,31.92,8189,354
AMZN,with_thinking,0.0,16384,8192,7,True,640892175000,37171746150,239046746150.0,596475020000.0,97200000000,100.0,33.67,8189,354
AMZN,with_thinking,0.0,16384,8192,8,True,642700000000,34000000000,279000000000.0,602200000000.0,0,100.0,16.85,4083,249
AMZN,with_thinking,0.0,16384,8192,9,True,640892175000,37171746150,239046746150.0,596475020000.0,97200000000,100.0,32.82,8189,354
AMZN,with_thinking,0.0,16384,8192,10,True,640892175000,37171746150,239046746150.0,596475020000.0,97200000000,100.0,32.36,8189,354
AMZN,with_thinking,0.7,16384,8192,1,True,637000350000,35035019250,236910019250.0,591196480000.0,35117070912,100.0,21.92,5139,354
AMZN,with_thinking,0.7,16384,8192,2,True,637000350000,35035019250,236910019250.0,591196480000.0,80399601280,100.0,18.71,4289,354
AMZN,with_thinking,0.7,16384,8192,3,True,642768000000,35352000000,279151000000.0,602218000000.0,60222000000,100.0,23.66,5479,354
AMZN,with_thinking,0.7,16384,8192,4,True,642753000000,35351000000,266674000000.0,602284000000.0,94860000000,100.0,22.23,4933,353
AMZN,with_thinking,0.7,16384,8192,5,True,635047425000,34927608375,236802608375.0,591196480000.0,97192207632,100.0,22.52,5253,354
AMZN,with_thinking,0.7,16384,8192,6,True,642753000000,34021000000,235896000000.0,602284000000.0,0,100.0,17.42,3970,249
AMZN,with_thinking,0.7,16384,8192,7,True,641593000000,35288000000,237163000000.0,596475000000.0,66805000000,100.0,25.97,6371,354
AMZN,with_thinking,0.7,16384,8192,8,True,642887605500,35358818303,252343750000.0,593835750000.0,41806036800,100.0,17.87,4013,353
AMZN,with_thinking,0.7,16384,8192,9,True,642753000000,35351000000,231915000000.0,602393000000.0,32529000000,100.0,24.29,5899,354
AMZN,with_thinking,0.7,16384,8192,10,True,642829076650,35355600000,237230600000.0,602280000000.0,52699500000,100.0,26.72,6262,354
MET,no_thinking,0.0,8192,0,1,True,67453000000,1000000000,30100000000.0,695000000000.0,0,100.0,1.6,0,235
MET,no_thinking,0.0,8192,0,2,True,67453000000,1000000000,30100000000.0,695000000000.0,0,100.0,1.66,0,235
MET,no_thinking,0.0,8192,0,3,True,67453000000,1000000000,30100000000.0,695000000000.0,0,100.0,1.75,0,235
MET,no_thinking,0.0,8192,0,4,True,67453000000,1000000000,30100000000.0,695000000000.0,0,100.0,1.5,0,235
MET,no_thinking,0.0,8192,0,5,True,67453000000,1000000000,30100000000.0,695000000000.0,0,100.0,1.33,0,235
MET,no_thinking,0.0,8192,0,6,True,67453000000,1000000000,30100000000.0,695000000000.0,0,100.0,1.67,0,235
MET,no_thinking,0.0,8192,0,7,True,67453000000,1000000000,30100000000.0,695000000000.0,0,100.0,1.41,0,235
MET,no_thinking,0.0,8192,0,8,True,67453000000,1000000000,30100000000.0,695000000000.0,0,100.0,1.7,0,235
MET,no_thinking,0.0,8192,0,9,True,67453000000,1000000000,30100000000.0,695000000000.0,0,100.0,1.59,0,235
MET,no_thinking,0.0,8192,0,10,True,67453000000,1000000000,30100000000.0,695000000000.0,0,100.0,1.74,0,235
MET,no_thinking,0.7,8192,0,1,True,67911000000,1100000000,30100000000.0,689000000000.0,0,100.0,1.49,0,245
MET,no_thinking,0.7,8192,0,2,True,67776000000,1000000000,30000000000.0,680000000000.0,0,100.0,1.66,0,245
MET,no_thinking,0.7,8192,0,3,True,67709000000,1578000000,30015000000.0,687584000000.0,0,100.0,2.06,0,235
MET,no_thinking,0.7,8192,0,4,True,67453000000,1000000000,30000000000.0,680000000000.0,0,100.0,1.67,0,255
MET,no_thinking,0.7,8192,0,5,True,67453000000,1000000000,30500000000.0,690000000000.0,0,100.0,1.66,0,235
MET,no_thinking,0.7,8192,0,6,True,68130000000,1000000000,30100000000.0,695000000000.0,0,100.0,1.63,0,235
MET,no_thinking,0.7,8192,0,7,True,67453000000,877000000,30149000000.0,712096000000.0,0,100.0,1.61,0,234
MET,no_thinking,0.7,8192,0,8,True,67919000000,2000000000,30500000000.0,680000000000.0,0,100.0,1.53,0,235
MET,no_thinking,0.7,8192,0,9,True,67837000000,1800000000,30150000000.0,695000000000.0,0,100.0,1.8,0,235
MET,no_thinking,0.7,8192,0,10,True,67972000000,2000000000,30000000000.0,680000000000.0,0,100.0,1.78,0,275
MET,with_thinking,0.0,16384,8192,1,True,68500000000,2000000000,30500000000.0,695000000000.0,34750000000,100.0,22.56,4820,333
MET,with_thinking,0.0,16384,8192,2,True,68500000000,2000000000,30500000000.0,695000000000.0,34750000000,100.0,20.87,4820,333
MET,with_thinking,0.0,16384,8192,3,True,68047545000,471094801,30150176000.0,713000088000.0,0,100.0,19.17,4103,245
MET,with_thinking,0.0,16384,8192,4,True,68500000000,2000000000,30500000000.0,695000000000.0,34750000000,100.0,21.41,4820,333
MET,with_thinking,0.0,16384,8192,5,True,68047545000,471094801,30150176000.0,713000088000.0,0,100.0,17.57,4103,245
MET,with_thinking,0.0,16384,8192,6,True,68047545000,471094801,30150176000.0,713000088000.0,0,100.0,16.64,4103,245
MET,with_thinking,0.0,16384,8192,7,True,68047545000,471094801,30150176000.0,713000088000.0,0,100.0,17.26,4103,245
MET,with_thinking,0.0,16384,8192,8,True,68047545000,471094801,30150176000.0,713000088000.0,0,100.0,16.66,4103,245
MET,with_thinking,0.0,16384,8192,9,True,68500000000,2000000000,30500000000.0,695000000000.0,34750000000,100.0,21.78,4820,333
MET,with_thinking,0.0,16384,8192,10,True,68047545000,471094801,30150176000.0,713000088000.0,0,100.0,17.32,4103,245
MET,with_thinking,0.7,16384,8192,1,True,68047545000,1600000000,30165075000.0,713015108000.0,0,100.0,17.45,4049,246
MET,with_thinking,0.7,16384,8192,2,True,68047545000,2041426350,32056426350.0,713019108800.0,0,100.0,16.6,3840,246
MET,with_thinking,0.7,16384,8192,3,True,68000000000,680000000,30150000000.0,701000000000.0,0,100.0,15.77,3485,245
MET,with_thinking,0.7,16384,8192,4,True,68048000000,2041000000,32056000000.0,715087000000.0,7150870000,100.0,30.04,6841,331
MET,with_thinking,0.7,16384,8192,5,True,67800000000,-1000000000,29015000000.0,712096000000.0,0,100.0,19.98,4332,246
MET,with_thinking,0.7,16384,8192,6,True,68047545000,1360950900,30315150000.0,708211520000.0,24787403200,100.0,22.64,4957,333
MET,with_thinking,0.7,16384,8192,7,True,67800000000,2000000000,31000000000.0,708200000000.0,0,100.0,19.88,4611,246
MET,with_thinking,0.7,16384,8192,8,True,68047545000,946800000,31073843600.0,713001000000.0,0,100.0,32.12,8188,245
MET,with_thinking,0.7,16384,8192,9,True,68500000000,2500000000,32000000000.0,705000000000.0,0,100.0,20.21,4789,246
MET,with_thinking,0.7,16384,8192,10,True,68047545000,680475450,30695475450.0,701335680000.0,0,100.0,20.52,4626,234
